Var1,Var2,Var3,Var4,Var5,Var6,Var7,Var8,Var9,Var10,Var11,Var12,Var13,Var14,Var15,Var16
65.68,46.1943359375,0,0,77,2,63,75,50,0.12,0.02,0.55,0.25,0.06,1,9.93220812300206
49.63,56.3076171875,0,0,22,20,76,17,9,0.12,0.02,0.55,0.25,0.06,1,4.80586200299877
27.79,60.6650390625,0,0,69,95,0,51,81,0.12,0.02,0.55,0.25,0.06,1,6.08146533999752
51.97,24.7626953125,0,0,61,72,29,92,71,0.12,0.02,0.55,0.25,0.06,1,4.08152013699873
46.5,42.5341796875,0,0,54,14,37,67,44,0.12,0.02,0.55,0.25,0.06,1,2.94226096599959
54.3,43.26171875,0,0,43,62,51,65,60,0.12,0.02,0.55,0.25,0.06,1,8.48379057100101
69.35,35.52734375,0,0,81,52,91,32,9,0.12,0.02,0.55,0.25,0.06,1,2.96863137800028
54.5,53.505859375,0,0,30,11,83,5,63,0.12,0.02,0.55,0.25,0.06,1,2.00004493899905
42.84,31.2587890625,0,0,55,82,20,86,35,0.12,0.02,0.55,0.25,0.06,1,3.75119472000006
67.27,55.80859375,0,0,75,30,88,33,17,0.12,0.02,0.55,0.25,0.06,1,2.41503012600151
55.99,50.0615234375,18.2426582823944,18.2426582823944,39,9,82,15,38,0.12,0.02,0.55,0.25,0.06,0,2.7700043579971
60.81,65.474609375,37.1547292513275,18.9120709689331,94,99,46,83,25,0.12,0.02,0.55,0.25,0.06,0,1.99187609799992
53.14,23.078125,37.1547292513275,0,60,90,53,59,4,0.12,0.02,0.55,0.25,0.06,0,1.8859359679991
34.4,35.9501953125,57.0345739759827,19.8798447246552,36,8,31,33,77,0.12,0.02,0.55,0.25,0.06,0,3.14409437799986
36.49,53.1455078125,63.1642769513702,6.12970297538758,4,43,31,64,35,0.12,0.02,0.55,0.25,0.06,0,2.50277701199957
68.56,44.1298828125,63.1642769513702,0,4,88,76,88,42,0.12,0.02,0.55,0.25,0.06,0,2.12211317000038
49.64,52.384765625,82.7875900345612,19.6233130831909,61,51,60,26,30,0.12,0.02,0.55,0.25,0.06,0,1.93613539999933
31.58,17.4072265625,92.7442146890259,9.95662465446472,3,30,24,56,57,0.12,0.02,0.55,0.25,0.06,0,2.08837698600109
36.18,43.3583984375,110.167744482651,17.4235297936249,48,29,6,98,34,0.12,0.02,0.55,0.25,0.06,0,2.64229400000113
43.28,32.2666015625,124.102997225494,13.9352527428436,50,98,44,32,52,0.12,0.02,0.55,0.25,0.06,0,2.20621420300085
28.69,54.0673828125,124.102997225494,0,58,85,7,46,78,0.12,0.02,0.55,0.25,0.06,1,5.7282551190001
24.13,48.5166015625,124.102997225494,0,72,59,4,35,56,0.12,0.02,0.55,0.25,0.06,1,1.47944070599988
45.77,23.552734375,124.102997225494,0,30,51,67,16,5,0.12,0.02,0.55,0.25,0.06,1,0.690684064000379
38.67,25.736328125,124.102997225494,0,34,11,18,89,37,0.12,0.02,0.55,0.25,0.06,1,1.93639605100179
31.51,43.876953125,124.102997225494,0,22,75,11,74,47,0.12,0.02,0.55,0.25,0.06,1,1.21800165699824
33.95,42.96484375,124.102997225494,0,60,15,18,65,5,0.12,0.02,0.55,0.25,0.06,1,1.56910142400011
31.75,29.0615234375,124.102997225494,0,25,54,23,38,92,0.12,0.02,0.55,0.25,0.06,1,0.898008602001937
47.58,72.728515625,124.102997225494,0,93,57,53,1,98,0.12,0.02,0.55,0.25,0.06,1,1.77419428299982
64.7,30.8408203125,124.102997225494,0,57,79,56,88,58,0.12,0.02,0.55,0.25,0.06,1,1.47108773600121
50.32,59.84375,124.102997225494,0,71,15,43,69,10,0.12,0.02,0.55,0.25,0.06,1,1.32400235900059
54.71,45.2666015625,139.644108523026,15.5411112975311,44,17,51,82,9,0.12,0.02,0.55,0.25,0.06,0,1.52834240200173
50.83,41.876953125,155.636256105728,15.9921475827026,80,57,59,20,44,0.12,0.02,0.55,0.25,0.06,0,1.88148134099902
21.02,22.2373046875,175.562164570618,19.9259084648895,30,4,3,45,74,0.12,0.02,0.55,0.25,0.06,0,1.40341216500019
41.45,54.54296875,186.990873036194,11.4287084655762,56,39,17,84,60,0.12,0.02,0.55,0.25,0.06,0,1.29617664200123
67.28,35.2939453125,186.990873036194,0,78,85,60,78,62,0.12,0.02,0.55,0.25,0.06,0,1.67449487200065
26.2,46.1357421875,187.11918220787,0.128309171676634,2,75,18,46,51,0.12,0.02,0.55,0.25,0.06,0,1.55114865999712
22.14,31.873046875,202.382572134323,15.2633899264526,48,84,17,1,85,0.12,0.02,0.55,0.25,0.06,0,1.55859969000085
37.94,52.4150390625,211.906234341278,9.52366220695495,74,46,42,12,34,0.12,0.02,0.55,0.25,0.06,0,1.17468911299875
15.59,40.9765625,211.906234341278,0,9,72,8,21,57,0.12,0.02,0.55,0.25,0.06,0,1.35080941100023
58.09,32.220703125,211.906234341278,0,29,66,80,35,9,0.12,0.02,0.55,0.25,0.06,0,1.47095424800136
56.51,33.111328125,211.906234341278,0,81,78,39,86,38,0.12,0.02,0.55,0.25,0.06,1,5.28312341499986
62.07,53.09765625,211.906234341278,0,26,83,74,51,64,0.12,0.02,0.55,0.25,0.06,1,1.37897552199865
70.89,61.701171875,211.906234341278,0,21,90,97,32,87,0.12,0.02,0.55,0.25,0.06,1,1.14772558100231
11.45,17.587890625,211.906234341278,0,31,3,5,18,7,0.12,0.02,0.55,0.25,0.06,1,1.31776820899904
38.35,36.423828125,211.906234341278,0,26,91,46,13,81,0.12,0.02,0.55,0.25,0.06,1,1.79282911599876
63.15,33.46875,211.906234341278,0,40,2,86,27,71,0.12,0.02,0.55,0.25,0.06,1,4.85656083700087
68.96,51.2841796875,211.906234341278,0,36,79,84,54,56,0.12,0.02,0.55,0.25,0.06,1,1.22663396500138
43.94,53,211.906234341278,0,12,38,43,51,89,0.12,0.02,0.55,0.25,0.06,1,1.61792568899909
59.18,28.4501953125,211.906234341278,0,30,40,79,41,18,0.12,0.02,0.55,0.25,0.06,1,4.88846081999873
40.65,56.0634765625,211.906234341278,0,84,57,6,99,23,0.12,0.02,0.55,0.25,0.06,1,1.55409706499995
72.73,49.12109375,211.906234341278,0,61,37,80,63,82,0.12,0.02,0.55,0.25,0.06,0,1.36127056199985
64.78,40.365234375,211.906234341278,0,29,27,60,94,71,0.12,0.02,0.55,0.25,0.06,0,1.47352207400036
56.99,29.9580078125,211.906234341278,0,26,12,46,97,68,0.12,0.02,0.55,0.25,0.06,0,2.06130685700191
81.11,64.947265625,218.844535217438,6.93830087615965,19,5,95,86,83,0.12,0.02,0.55,0.25,0.06,0,1.12821842500125
68.28,50.8466796875,223.648502361526,4.80396714408874,96,60,93,15,11,0.12,0.02,0.55,0.25,0.06,0,1.59282469699974
39.64,23.841796875,231.169341262588,7.52083890106201,37,77,32,64,1,0.12,0.02,0.55,0.25,0.06,0,2.05585758500092
82.44,60.9169921875,231.169341262588,0,54,34,90,94,38,0.12,0.02,0.55,0.25,0.06,0,1.87488466899958
20.93,32.9560546875,243.938041695251,12.768700432663,40,90,6,41,13,0.12,0.02,0.55,0.25,0.06,0,1.34171062400128
38.92,50.4775390625,257.259206236191,13.3211645409393,9,78,30,58,88,0.12,0.02,0.55,0.25,0.06,0,1.99831787600124
50.81,51.0966796875,277.25509697403,19.9958907378387,88,60,65,6,30,0.12,0.02,0.55,0.25,0.06,0,2.23571782900035
69.97,57.853515625,277.25509697403,0,69,19,80,51,76,0.12,0.02,0.55,0.25,0.06,1,5.08723096600079
46.17,49.771484375,277.25509697403,0,18,8,48,53,70,0.12,0.02,0.55,0.25,0.06,1,1.46336488700035
53.95,69.03125,277.25509697403,0,20,67,79,4,96,0.12,0.02,0.55,0.25,0.06,1,1.94849374600017
25.03,50.7705078125,277.25509697403,0,98,55,6,35,2,0.12,0.02,0.55,0.25,0.06,1,1.62159341199731
35.58,56.7451171875,277.25509697403,0,80,21,14,70,6,0.12,0.02,0.55,0.25,0.06,1,2.34049079100078
65.59,32.7392578125,277.25509697403,0,26,51,100,15,45,0.12,0.02,0.55,0.25,0.06,1,1.07769493600063
44.65,60.146484375,277.25509697403,0,60,10,29,72,55,0.12,0.02,0.55,0.25,0.06,1,2.02685122299954
41.98,33.8369140625,277.25509697403,0,84,58,18,62,89,0.12,0.02,0.55,0.25,0.06,1,1.47358525099844
60.76,58.0068359375,277.25509697403,0,52,63,51,91,41,0.12,0.02,0.55,0.25,0.06,1,3.06244384599995
36.45,62.1572265625,277.25509697403,0,54,34,13,66,94,0.12,0.02,0.55,0.25,0.06,1,1.3621514439983
43.66,33.2626953125,291.849899735794,14.5948027617645,61,84,22,90,1,0.12,0.02,0.55,0.25,0.06,0,1.64511256699916
79.3,58.126953125,291.849899735794,0,23,13,91,91,58,0.12,0.02,0.55,0.25,0.06,0,1.93756970499817
62.46,45.4716796875,297.419748383789,5.56984864799499,9,12,77,73,9,0.12,0.02,0.55,0.25,0.06,0,1.29788154600101
31.01,30.796875,317.417477270508,19.9977288867188,36,77,13,54,75,0.12,0.02,0.55,0.25,0.06,0,1.96387043399955
47.42,44.9189453125,337.104713543014,19.6872362725067,27,57,48,56,44,0.12,0.02,0.55,0.25,0.06,0,3.16244536000158
56.6,57.921875,357.017345867233,19.9126323242188,69,72,76,4,68,0.12,0.02,0.55,0.25,0.06,0,1.86455935900085
64.89,60.24609375,375.939052604294,18.9217067370605,48,10,61,84,73,0.12,0.02,0.55,0.25,0.06,0,1.49167739800032
21.14,14.4052734375,393.671225510712,17.7321729064178,32,7,4,56,16,0.12,0.02,0.55,0.25,0.06,0,1.74198257499665
8.75,8.2568359375,413.659064971085,19.9878394603729,27,24,2,15,3,0.12,0.02,0.55,0.25,0.06,0,1.47045722899929
69.88,40.9638671875,413.659064971085,0,98,36,83,41,25,0.12,0.02,0.55,0.25,0.06,0,2.0657349940011
64.12,54.7060546875,413.659064971085,0,24,77,67,71,85,0.12,0.02,0.55,0.25,0.06,1,3.40317351200065
58.36,46.4931640625,413.659064971085,0,52,44,55,65,79,0.12,0.02,0.55,0.25,0.06,1,1.32059047299845
40.93,56.3466796875,413.659064971085,0,89,31,14,75,53,0.12,0.02,0.55,0.25,0.06,1,3.22777551699983
71.42,47.3193359375,413.659064971085,0,78,43,84,54,25,0.12,0.02,0.55,0.25,0.06,1,1.82477056100106
26.11,19.2724609375,413.659064971085,0,6,9,17,44,81,0.12,0.02,0.55,0.25,0.06,1,2.15953283600174
48.12,58.6923828125,413.659064971085,0,91,58,29,65,64,0.12,0.02,0.55,0.25,0.06,1,1.09609128100055
79.4,48.4921875,413.659064971085,0,50,97,81,93,61,0.12,0.02,0.55,0.25,0.06,1,1.26020560400138
26.02,65.39453125,413.659064971085,0,98,71,1,29,84,0.12,0.02,0.55,0.25,0.06,1,1.50619516400184
35.57,19.783203125,413.659064971085,0,44,17,11,80,65,0.12,0.02,0.55,0.25,0.06,1,0.98950867700114
54.27,56.5859375,413.659064971085,0,50,29,64,37,54,0.12,0.02,0.55,0.25,0.06,1,1.02271331799784
32.95,22.23828125,427.92201904213,14.2629540710449,76,84,10,51,65,0.12,0.02,0.55,0.25,0.06,0,2.28752867600269
77.02,60.5400390625,434.342563417053,6.42054437492369,15,0,97,81,27,0.12,0.02,0.55,0.25,0.06,0,0.929173992000869
58.71,35.7841796875,434.342563417053,0,28,12,48,93,91,0.12,0.02,0.55,0.25,0.06,0,1.3372069750003
69.65,66.439453125,453.827182855225,19.4846194381714,24,39,97,28,94,0.12,0.02,0.55,0.25,0.06,0,1.49917233900123
67.34,64.646484375,473.464431534119,19.637248678894,77,88,87,15,79,0.12,0.02,0.55,0.25,0.06,0,1.73172109500229
61.5,43.919921875,478.011474190063,4.54704265594481,91,84,71,31,35,0.12,0.02,0.55,0.25,0.06,0,0.869180961002712
34.59,21.0859375,488.893488989868,10.8820147998047,24,9,19,62,93,0.12,0.02,0.55,0.25,0.06,0,1.08009315600066
41.75,20.73828125,488.893488989868,0,69,56,26,53,80,0.12,0.02,0.55,0.25,0.06,0,1.20434471100089
23.8,8.822265625,497.676862639465,8.78337364959717,30,18,2,74,4,0.12,0.02,0.55,0.25,0.06,0,1.51463941499969
23,8.822265625,507.626455039062,9.94959239959717,43,83,1,51,48,0.12,0.02,0.55,0.25,0.06,0,1.10804270600056
23.63,31.1240234375,507.626455039062,0,3,1,33,6,60,0.12,0.02,0.55,0.25,0.06,1,2.9519047970025
16.18,18.9140625,507.626455039062,0,89,41,4,8,8,0.12,0.02,0.55,0.25,0.06,1,2.07981880599982
39.38,51.458984375,507.626455039062,0,81,80,2,86,91,0.12,0.02,0.55,0.25,0.06,1,1.44397849599773
67.92,41.486328125,507.626455039062,0,40,29,84,62,14,0.12,0.02,0.55,0.25,0.06,1,1.97863018200223
61,55.9560546875,507.626455039062,0,23,84,84,22,81,0.12,0.02,0.55,0.25,0.06,1,0.970802093997918
52.36,39.619140625,507.626455039062,0,54,61,52,64,1,0.12,0.02,0.55,0.25,0.06,1,2.58865877800054
29.96,28.9296875,507.626455039062,0,2,69,17,69,29,0.12,0.02,0.55,0.25,0.06,1,0.892136850998213
32.2,28.853515625,507.626455039062,0,6,58,30,32,97,0.12,0.02,0.55,0.25,0.06,1,0.977130823997868
19.02,32.1669921875,507.626455039062,0,19,35,10,40,9,0.12,0.02,0.55,0.25,0.06,1,2.17059910800162
10.64,15.7529296875,507.626455039062,0,50,74,1,9,6,0.12,0.02,0.55,0.25,0.06,1,0.938657255999715
51.72,41.8232421875,522.729164279099,15.102709240036,88,99,52,20,93,0.12,0.02,0.55,0.25,0.06,0,1.40655949600114
59.16,41.3017578125,526.783323577728,4.05415929862977,65,79,51,79,33,0.12,0.02,0.55,0.25,0.06,0,1.10879823100186
5.65,8.626953125,546.340211082306,19.5568875045776,11,90,0,7,13,0.12,0.02,0.55,0.25,0.06,0,1.27236253399678
30.53,15.220703125,554.621482541962,8.28127145965576,94,30,21,26,10,0.12,0.02,0.55,0.25,0.06,0,1.38691250800184
49.64,28.2900390625,554.621482541962,0,40,73,65,25,23,0.12,0.02,0.55,0.25,0.06,0,1.23324621099891
63.76,42.9755859375,554.621482541962,0,50,86,63,75,44,0.12,0.02,0.55,0.25,0.06,0,1.27005497700156
40.82,30.298828125,569.086729660797,14.4652471188354,40,72,37,55,8,0.12,0.02,0.55,0.25,0.06,0,2.03373503299736
60.4,17.0791015625,569.086729660797,0,59,28,74,30,76,0.12,0.02,0.55,0.25,0.06,0,1.68596407099903
19.16,17.513671875,588.951209846039,19.8644801852417,23,0,14,30,20,0.12,0.02,0.55,0.25,0.06,0,0.760039680997579
65.76,33.0693359375,588.951209846039,0,55,21,78,48,64,0.12,0.02,0.55,0.25,0.06,0,1.57702324899947
51.55,67.796875,588.951209846039,0,17,92,72,15,72,0.12,0.02,0.55,0.25,0.06,1,1.88843723099853
42.24,48.234375,588.951209846039,0,19,83,20,96,55,0.12,0.02,0.55,0.25,0.06,1,1.09186236499954
55.26,41.8251953125,588.951209846039,0,22,21,63,63,30,0.12,0.02,0.55,0.25,0.06,1,1.21667038599844
67.86,52.2099609375,588.951209846039,0,82,42,81,27,98,0.12,0.02,0.55,0.25,0.06,1,1.70386587200119
36.73,18.2529296875,588.951209846039,0,87,45,34,3,99,0.12,0.02,0.55,0.25,0.06,1,0.955330806002166
15.5,16.2333984375,588.951209846039,0,68,19,5,1,66,0.12,0.02,0.55,0.25,0.06,1,0.365403636002156
27.69,13.462890625,588.951209846039,0,11,31,31,12,95,0.12,0.02,0.55,0.25,0.06,1,0.959608776000096
63.63,63.2353515625,588.951209846039,0,98,90,80,7,72,0.12,0.02,0.55,0.25,0.06,1,2.20965478799917
46.82,55.51171875,588.951209846039,0,46,15,65,3,75,0.12,0.02,0.55,0.25,0.06,1,1.17654619299719
50.26,44.833984375,588.951209846039,0,89,1,33,83,11,0.12,0.02,0.55,0.25,0.06,1,0.841895365996606
22.82,24.6728515625,608.779556900406,19.8283470543671,2,81,25,25,16,0.12,0.02,0.55,0.25,0.06,0,1.29024206699978
29.87,28.4970703125,628.685310104065,19.9057532036591,28,43,26,37,35,0.12,0.02,0.55,0.25,0.06,0,1.101088282001
34.31,43.736328125,644.242527008057,15.5572169039917,33,30,32,27,90,0.12,0.02,0.55,0.25,0.06,0,1.79939240800013
51.9,32.091796875,644.624281455994,0.381754447937013,97,90,37,65,31,0.12,0.02,0.55,0.25,0.06,0,1.77302330999737
62.38,41.2060546875,644.624281455994,0,81,80,79,11,81,0.12,0.02,0.55,0.25,0.06,0,1.29083170199738
32.45,44.5625,657.288648643494,12.6643671875,78,89,32,11,16,0.12,0.02,0.55,0.25,0.06,0,0.998963425998227
48.43,45.0625,676.721645830994,19.4329971875,67,71,24,81,92,0.12,0.02,0.55,0.25,0.06,0,2.30115469299926
60.34,20.578125,676.721645830994,0,98,100,52,70,8,0.12,0.02,0.55,0.25,0.06,0,1.71026038900163
59.06,33.6572265625,676.721645830994,0,90,81,36,98,39,0.12,0.02,0.55,0.25,0.06,0,1.16003475699836
41.16,8.4560546875,676.721645830994,0,2,2,54,44,3,0.12,0.02,0.55,0.25,0.06,0,1.76888464199874
53.79,32.6923828125,676.721645830994,0,37,42,41,100,16,0.12,0.02,0.55,0.25,0.06,1,3.19210375599869
78.12,51.615234375,676.721645830994,0,44,27,97,59,70,0.12,0.02,0.55,0.25,0.06,1,1.87092087399651
65.9,17.810546875,676.721645830994,0,65,76,89,25,23,0.12,0.02,0.55,0.25,0.06,1,0.947064244999638
65.77,62.0322265625,676.721645830994,0,60,24,73,66,24,0.12,0.02,0.55,0.25,0.06,1,1.02116103200024
42.56,17.58203125,676.721645830994,0,19,31,37,59,76,0.12,0.02,0.55,0.25,0.06,1,1.36472432699884
47.75,53.939453125,676.721645830994,0,32,50,58,27,71,0.12,0.02,0.55,0.25,0.06,1,1.14973102300064
49.39,44.671875,676.721645830994,0,46,65,50,43,72,0.12,0.02,0.55,0.25,0.06,1,1.31979908800349
55.79,53.796875,676.721645830994,0,1,8,58,81,56,0.12,0.02,0.55,0.25,0.06,1,0.819095091002964
67.63,84.0703125,676.721645830994,0,60,22,92,21,69,0.12,0.02,0.55,0.25,0.06,1,1.53845709100278
57.45,26.748046875,676.721645830994,0,38,21,82,11,77,0.12,0.02,0.55,0.25,0.06,1,3.30083985300007
56.13,48.1708984375,693.554280946884,16.8326351158905,48,95,55,52,87,0.12,0.02,0.55,0.25,0.06,0,1.73736381599883
17.13,64.7578125,693.554280946884,0,65,33,1,14,77,0.12,0.02,0.55,0.25,0.06,0,1.61004469100226
70.19,59.75,708.104600946884,14.55032,83,66,58,91,71,0.12,0.02,0.55,0.25,0.06,0,3.31955614099934
47.68,59.75,720.820355946884,12.715755,48,71,64,2,80,0.12,0.02,0.55,0.25,0.06,0,3.05483991000074
54.17,59.75,739.263535946884,18.44318,75,39,59,24,99,0.12,0.02,0.55,0.25,0.06,0,1.6732408300013
85.22,53.2431640625,739.263535946884,0,59,20,99,85,34,0.12,0.02,0.55,0.25,0.06,0,2.08399201800057
58.9,53.2431640625,757.663546305695,18.4000103588104,66,93,56,62,47,0.12,0.02,0.55,0.25,0.06,0,2.90219337800227
28.68,36.05859375,774.941364019318,17.277817713623,99,93,3,45,34,0.12,0.02,0.55,0.25,0.06,0,2.13318264000191
56.23,20.3076171875,774.941364019318,0,16,30,72,49,31,0.12,0.02,0.55,0.25,0.06,0,2.07041734700033
53.59,75.078125,774.941364019318,0,92,70,28,79,100,0.12,0.02,0.55,0.25,0.06,0,3.14512919099798
70.01,50.1708984375,774.941364019318,0,70,47,80,53,57,0.12,0.02,0.55,0.25,0.06,1,2.20800779000274
54.72,44.6962890625,774.941364019318,0,97,94,59,23,50,0.12,0.02,0.55,0.25,0.06,1,2.69475843599866
41.91,10.880859375,774.941364019318,0,44,33,60,9,12,0.12,0.02,0.55,0.25,0.06,1,2.40993164599786
63.51,41.9931640625,774.941364019318,0,97,95,38,99,72,0.12,0.02,0.55,0.25,0.06,1,3.48022575100185
77.94,54.4619140625,774.941364019318,0,92,33,84,60,84,0.12,0.02,0.55,0.25,0.06,1,4.61887650200151
46.87,30.5859375,774.941364019318,0,9,35,43,80,24,0.12,0.02,0.55,0.25,0.06,1,1.34241027299868
59.63,50.638671875,774.941364019318,0,0,39,92,15,75,0.12,0.02,0.55,0.25,0.06,1,1.44098434899934
30.94,34.83203125,774.941364019318,0,95,25,16,34,29,0.12,0.02,0.55,0.25,0.06,1,3.68733166400125
40.27,47.248046875,774.941364019318,0,27,47,56,1,84,0.12,0.02,0.55,0.25,0.06,1,2.59349844299868
28.76,29.498046875,774.941364019318,0,14,76,8,76,36,0.12,0.02,0.55,0.25,0.06,1,1.23199299699991
24.35,67.310546875,774.941364019318,0,24,76,6,45,90,0.12,0.02,0.55,0.25,0.06,0,4.57539344000179
75.82,57.3056640625,777.802332258987,2.86096823966978,91,47,83,67,26,0.12,0.02,0.55,0.25,0.06,0,0.956145624000783
79.9,45.900390625,777.802332258987,0,36,93,88,96,22,0.12,0.02,0.55,0.25,0.06,0,1.7078211750013
40.64,19.6669921875,777.802332258987,0,15,12,48,26,95,0.12,0.02,0.55,0.25,0.06,0,1.13355890299863
73.44,45.25,777.802332258987,0,49,72,100,44,2,0.12,0.02,0.55,0.25,0.06,0,1.11871457600137
40.45,48.8779296875,794.250832318115,16.4485000591278,2,47,64,11,22,0.12,0.02,0.55,0.25,0.06,0,1.02443867400143
86.27,64.48828125,794.250832318115,0,73,71,96,73,84,0.12,0.02,0.55,0.25,0.06,0,1.88612189700143
54.27,48.32421875,812.483216584473,18.2323842663574,59,68,71,18,38,0.12,0.02,0.55,0.25,0.06,0,1.48867486500239
30.97,54.5166015625,812.483216584473,0,40,39,19,42,74,0.12,0.02,0.55,0.25,0.06,0,1.23477803299829
81.15,64.478515625,818.586297021179,6.10308043670653,99,7,85,78,48,0.12,0.02,0.55,0.25,0.06,0,1.51169507699888
50.19,46.51171875,818.586297021179,0,30,48,39,90,28,0.12,0.02,0.55,0.25,0.06,1,4.49819356599983
21.93,58.2978515625,818.586297021179,0,9,50,18,23,70,0.12,0.02,0.55,0.25,0.06,1,1.15576073400007
81.64,67.8251953125,818.586297021179,0,89,90,81,79,81,0.12,0.02,0.55,0.25,0.06,1,1.37302256800103
41.99,59.7109375,818.586297021179,0,32,62,18,85,96,0.12,0.02,0.55,0.25,0.06,1,2.02246726700105
71.33,34.3466796875,818.586297021179,0,25,7,73,92,84,0.12,0.02,0.55,0.25,0.06,1,2.90071753400116
34.32,37.2138671875,818.586297021179,0,1,43,40,42,14,0.12,0.02,0.55,0.25,0.06,1,1.46250493800108
71.62,59.16796875,818.586297021179,0,76,69,61,93,72,0.12,0.02,0.55,0.25,0.06,1,1.31618344399976
64.91,69.193359375,818.586297021179,0,32,82,95,16,53,0.12,0.02,0.55,0.25,0.06,1,1.61509008199937
51.23,63.9140625,818.586297021179,0,78,36,37,70,55,0.12,0.02,0.55,0.25,0.06,1,2.67810910200205
59.52,45.6103515625,818.586297021179,0,62,21,64,50,66,0.12,0.02,0.55,0.25,0.06,1,1.31374568400133
53.37,18.60546875,818.586297021179,0,29,14,84,11,11,0.12,0.02,0.55,0.25,0.06,0,1.21689800199965
70.82,43.958984375,818.586297021179,0,46,41,95,41,33,0.12,0.02,0.55,0.25,0.06,0,1.20650421699975
49.69,31.2275390625,821.543173827743,2.95687680656432,32,25,74,3,65,0.12,0.02,0.55,0.25,0.06,0,1.95672197000022
26.59,23.732421875,841.134886190719,19.5917123629761,7,24,9,76,22,0.12,0.02,0.55,0.25,0.06,0,1.54833115200017
67.13,46.2841796875,841.134886190719,0,68,47,93,16,48,0.12,0.02,0.55,0.25,0.06,0,1.43618635800158
17.87,7.9931640625,856.257291783905,15.1224055931854,9,18,7,34,68,0.12,0.02,0.55,0.25,0.06,0,3.37655623799947
19.39,29.880859375,870.754385262604,14.4970934786987,28,31,5,30,86,0.12,0.02,0.55,0.25,0.06,0,1.6703635140002
50.94,63.7509765625,882.548329238357,11.7939439757538,57,97,69,13,16,0.12,0.02,0.55,0.25,0.06,0,1.83289215400146
14.82,34.6611328125,882.864801674194,0.31647243583679,39,17,3,23,40,0.12,0.02,0.55,0.25,0.06,0,1.81314173999999
33.86,12.9462890625,882.864801674194,0,52,21,17,69,10,0.12,0.02,0.55,0.25,0.06,0,2.77838817500015
48.07,52.193359375,882.864801674194,0,35,81,46,63,20,0.12,0.02,0.55,0.25,0.06,1,3.09330212599889
39.39,36.9853515625,882.864801674194,0,9,98,37,58,25,0.12,0.02,0.55,0.25,0.06,1,1.11937069299893
63.68,51.052734375,882.864801674194,0,99,57,52,88,1,0.12,0.02,0.55,0.25,0.06,1,1.34687268799826
68.48,68.4873046875,882.864801674194,0,73,32,65,83,43,0.12,0.02,0.55,0.25,0.06,1,1.30863422599941
30.69,46.2841796875,882.864801674194,0,16,48,33,24,61,0.12,0.02,0.55,0.25,0.06,1,1.88918511600059
38.84,29.8701171875,882.864801674194,0,21,48,44,36,36,0.12,0.02,0.55,0.25,0.06,1,1.62831508700037
34.18,55.9296875,882.864801674194,0,21,37,15,71,82,0.12,0.02,0.55,0.25,0.06,1,2.2342727940013
63.04,20.3330078125,882.864801674194,0,29,71,94,14,49,0.12,0.02,0.55,0.25,0.06,1,2.23177367899916
28.57,46.12109375,882.864801674194,0,66,52,13,40,41,0.12,0.02,0.55,0.25,0.06,1,2.98970701100188
36.73,39.4296875,882.864801674194,0,43,12,26,47,88,0.12,0.02,0.55,0.25,0.06,1,1.96383228599734
33.66,67.9873046875,882.864801674194,0,78,80,0,86,20,0.12,0.02,0.55,0.25,0.06,0,2.66544558199894
32.01,60.5146484375,882.864801674194,0,92,12,10,41,83,0.12,0.02,0.55,0.25,0.06,0,2.54635713600146
34.67,28.1982421875,900.770619215011,17.9058175408173,66,84,30,29,22,0.12,0.02,0.55,0.25,0.06,0,1.58685439100009
34.18,45.5244140625,914.335832693939,13.5652134789276,87,99,12,52,36,0.12,0.02,0.55,0.25,0.06,0,1.50549571900046
82.39,72.1923828125,929.136262878799,14.8004301848602,79,89,86,85,43,0.12,0.02,0.55,0.25,0.06,0,2.10756366900023
39.61,28.8828125,943.382635295791,14.2463724169922,76,6,25,60,27,0.12,0.02,0.55,0.25,0.06,0,2.17305816500084
91.55,56.9189453125,943.382635295791,0,94,61,94,95,60,0.12,0.02,0.55,0.25,0.06,0,1.64328092000142
17.73,37.55078125,943.739466827774,0.356831531982422,94,45,4,5,35,0.12,0.02,0.55,0.25,0.06,0,1.38358602900189
30.27,18.291015625,956.564663494949,12.8251966671753,20,89,13,52,99,0.12,0.02,0.55,0.25,0.06,0,2.38244284000029
54.16,37.517578125,962.716153201675,6.15148970672608,99,16,41,69,36,0.12,0.02,0.55,0.25,0.06,0,2.90003886499835
46.32,31.90234375,962.716153201675,0,66,17,48,26,86,0.12,0.02,0.55,0.25,0.06,1,5.09294701099861
48.13,14.6201171875,962.716153201675,0,6,70,76,13,16,0.12,0.02,0.55,0.25,0.06,1,1.7734029960011
88.66,74.646484375,962.716153201675,0,82,90,98,74,77,0.12,0.02,0.55,0.25,0.06,1,1.24576378799975
11.44,56.0712890625,962.716153201675,0,25,84,2,14,36,0.12,0.02,0.55,0.25,0.06,1,1.6196907620033
72.74,57.22265625,962.716153201675,0,39,43,85,71,45,0.12,0.02,0.55,0.25,0.06,1,0.906954136000422
47.53,67.4658203125,962.716153201675,0,74,11,27,72,93,0.12,0.02,0.55,0.25,0.06,1,2.98299754599793
69.39,68.3349609375,962.716153201675,0,58,24,68,91,30,0.12,0.02,0.55,0.25,0.06,1,1.51726874700034
66.67,56.625,962.716153201675,0,48,14,84,57,3,0.12,0.02,0.55,0.25,0.06,1,0.896345148001274
46,63.8056640625,962.716153201675,0,19,94,65,3,89,0.12,0.02,0.55,0.25,0.06,1,1.12468078800157
3.48,39.3427734375,962.716153201675,0,1,1,0,4,39,0.12,0.02,0.55,0.25,0.06,1,1.21580983100284
58.61,51.357421875,980.086158728714,17.3700055270386,31,33,45,98,83,0.12,0.02,0.55,0.25,0.06,0,1.48036491699895
52.31,57.1796875,998.900465911331,18.8143071826172,81,70,49,56,4,0.12,0.02,0.55,0.25,0.06,0,1.34677961899797
51.57,11.099609375,998.900465911331,0,24,13,69,22,83,0.12,0.02,0.55,0.25,0.06,0,1.28312092100168
76.15,32.5322265625,998.900465911331,0,24,92,98,49,88,0.12,0.02,0.55,0.25,0.06,0,1.14191766400108
50.34,16.57421875,998.900465911331,0,20,9,73,11,81,0.12,0.02,0.55,0.25,0.06,0,1.51080313100101
35.34,34.1943359375,1018.83483860413,19.9343726927948,77,6,14,64,38,0.12,0.02,0.55,0.25,0.06,0,1.39267797499997
47.37,38.38671875,1034.7998715033,15.9650328991699,28,36,28,89,94,0.12,0.02,0.55,0.25,0.06,0,1.26359789599883
72.55,53.59375,1036.83290080017,2.033029296875,72,52,74,87,7,0.12,0.02,0.55,0.25,0.06,0,1.65914202099884
40.74,20.169921875,1036.83290080017,0,12,11,23,87,78,0.12,0.02,0.55,0.25,0.06,0,2.0054930389997
79.35,63.130859375,1043.67987466949,6.84697386932372,27,76,96,73,59,0.12,0.02,0.55,0.25,0.06,0,1.98821048299942
65.61,51.5732421875,1043.67987466949,0,68,12,97,8,31,0.12,0.02,0.55,0.25,0.06,1,5.77727391900044
25.75,66.943359375,1043.67987466949,0,59,61,21,8,65,0.12,0.02,0.55,0.25,0.06,1,1.05461013699824
43.66,48.900390625,1043.67987466949,0,27,74,52,20,89,0.12,0.02,0.55,0.25,0.06,1,1.10750061999715
61.63,75.4267578125,1043.67987466949,0,56,90,61,72,26,0.12,0.02,0.55,0.25,0.06,1,2.00781164400178
37.91,45.98828125,1043.67987466949,0,71,29,48,1,36,0.12,0.02,0.55,0.25,0.06,1,0.918948828999419
34.38,45.2705078125,1043.67987466949,0,4,22,44,14,96,0.12,0.02,0.55,0.25,0.06,1,1.36212165799952
76.66,18.4501953125,1043.67987466949,0,27,20,91,71,87,0.12,0.02,0.55,0.25,0.06,1,3.41125625100176
82.16,30.2470703125,1043.67987466949,0,21,24,88,100,96,0.12,0.02,0.55,0.25,0.06,1,1.60079162299735
49.16,48.3759765625,1043.67987466949,0,50,39,40,76,23,0.12,0.02,0.55,0.25,0.06,1,2.64809292599966
41.26,65.439453125,1043.67987466949,0,78,64,46,10,47,0.12,0.02,0.55,0.25,0.06,1,0.988657386998966
68.33,52.42578125,1051.0326659671,7.35279129760742,93,93,59,84,31,0.12,0.02,0.55,0.25,0.06,0,0.905865303997416
13.94,10.572265625,1070.46558422607,19.4329182589722,54,60,2,18,11,0.12,0.02,0.55,0.25,0.06,0,1.66047514900129
71.86,66.0146484375,1088.75717748161,18.2915932555389,93,4,98,24,12,0.12,0.02,0.55,0.25,0.06,0,2.14594089000093
54.41,43.2451171875,1102.52444707077,13.7672695891571,44,78,44,87,27,0.12,0.02,0.55,0.25,0.06,0,0.959595951000665
69.41,78.0927734375,1118.75491934242,16.2304722716522,47,78,85,46,66,0.12,0.02,0.55,0.25,0.06,0,1.00005950400009
47.79,26.2451171875,1118.75491934242,0,77,63,20,85,84,0.12,0.02,0.55,0.25,0.06,0,1.17437801800043
47.51,48.1220703125,1138.73618783905,19.9812684966278,41,66,43,58,52,0.12,0.02,0.55,0.25,0.06,0,0.861917496000387
39.53,18.7060546875,1138.73618783905,0,13,94,23,88,24,0.12,0.02,0.55,0.25,0.06,0,1.03381045999777
59.31,78.994140625,1139.36291823181,0.626730392761232,24,69,87,18,45,0.12,0.02,0.55,0.25,0.06,0,1.31965155900252
54.22,49.6962890625,1158.33972019951,18.9768019676971,19,98,49,83,38,0.12,0.02,0.55,0.25,0.06,0,0.792562512000586
57.15,33.412109375,1158.33972019951,0,5,29,94,1,67,0.12,0.02,0.55,0.25,0.06,1,1.9778427199999
38.18,35.498046875,1158.33972019951,0,98,39,31,25,39,0.12,0.02,0.55,0.25,0.06,1,0.786430598000152
45.96,55.0615234375,1158.33972019951,0,16,32,51,47,60,0.12,0.02,0.55,0.25,0.06,1,0.667327573999501
72.97,80.8388671875,1158.33972019951,0,82,31,96,17,91,0.12,0.02,0.55,0.25,0.06,1,1.03464411999812
37.36,39.77734375,1158.33972019951,0,50,37,37,31,42,0.12,0.02,0.55,0.25,0.06,1,0.872689701001946
28.48,16.0966796875,1158.33972019951,0,0,2,26,52,19,0.12,0.02,0.55,0.25,0.06,1,1.29456280399972
62.65,56.439453125,1158.33972019951,0,49,58,59,78,61,0.12,0.02,0.55,0.25,0.06,1,0.9547231309989
37.6,58.7861328125,1158.33972019951,0,65,58,36,20,64,0.12,0.02,0.55,0.25,0.06,1,0.636843198997667
65.51,72.9296875,1158.33972019951,0,22,58,85,56,16,0.12,0.02,0.55,0.25,0.06,1,1.22006116799821
34.26,5.1455078125,1158.33972019951,0,57,86,19,61,0,0.12,0.02,0.55,0.25,0.06,1,3.39534354499847
27.94,76.5029296875,1158.33972019951,0,60,91,13,25,92,0.12,0.02,0.55,0.25,0.06,0,1.17927146100192
45.7,74.677734375,1158.33972019951,0,20,73,57,23,79,0.12,0.02,0.55,0.25,0.06,0,1.14638709199789
56.42,32.3896484375,1158.33972019951,0,47,84,49,79,40,0.12,0.02,0.55,0.25,0.06,0,0.842597090999334
41.25,22.1904296875,1160.17635917465,1.83663897514343,85,79,47,14,2,0.12,0.02,0.55,0.25,0.06,0,1.83229331799885
49.34,22.6142578125,1160.17635917465,0,56,18,70,10,21,0.12,0.02,0.55,0.25,0.06,0,1.34832562600059
58.09,76.818359375,1162.63878693069,2.46242775604247,8,63,51,88,97,0.12,0.02,0.55,0.25,0.06,0,2.26046105299974
81.21,65.4345703125,1170.19557783943,7.55679090873717,18,59,88,97,87,0.12,0.02,0.55,0.25,0.06,0,3.07958665700062
43.61,28.447265625,1178.70015215309,8.50457431365966,29,89,33,64,70,0.12,0.02,0.55,0.25,0.06,0,1.20080367099945
24.88,14.021484375,1192.80478407417,14.1046319210815,6,14,34,20,3,0.12,0.02,0.55,0.25,0.06,0,1.14304427100069
53.6,88.3974609375,1192.80478407417,0,90,27,51,35,91,0.12,0.02,0.55,0.25,0.06,0,1.48006456199801
64.25,40.22265625,1192.80478407417,0,93,29,74,41,26,0.12,0.02,0.55,0.25,0.06,1,6.27945473
66.4,62.263671875,1192.80478407417,0,64,4,55,97,69,0.12,0.02,0.55,0.25,0.06,1,1.72710676199858
54.64,91.396484375,1192.80478407417,0,28,99,81,1,75,0.12,0.02,0.55,0.25,0.06,1,3.9858227299992
74.22,59.8828125,1192.80478407417,0,77,40,78,82,13,0.12,0.02,0.55,0.25,0.06,1,3.74307634300203
29.51,70.984375,1192.80478407417,0,6,84,12,71,46,0.12,0.02,0.55,0.25,0.06,1,1.17533329799699
57.92,38.5263671875,1192.80478407417,0,94,48,48,68,38,0.12,0.02,0.55,0.25,0.06,1,1.02429854799993
32.27,62.8916015625,1192.80478407417,0,64,87,37,4,25,0.12,0.02,0.55,0.25,0.06,1,0.983762274998298
59.12,53.69140625,1192.80478407417,0,87,64,62,34,80,0.12,0.02,0.55,0.25,0.06,1,1.54448641199997
63.06,84.150390625,1192.80478407417,0,30,5,97,19,21,0.12,0.02,0.55,0.25,0.06,1,1.19411680700068
69.87,66.748046875,1192.80478407417,0,56,34,73,66,97,0.12,0.02,0.55,0.25,0.06,1,0.738802528001543
78.77,55.2783203125,1192.80478407417,0,85,44,86,65,69,0.12,0.02,0.55,0.25,0.06,0,3.35364080799991
75.59,57.41796875,1196.29364808662,3.48886401245119,97,24,79,64,67,0.12,0.02,0.55,0.25,0.06,0,1.11135643200032
59.23,35.96484375,1196.29364808662,0,40,13,84,17,62,0.12,0.02,0.55,0.25,0.06,0,1.15293116699831
33.78,40.646484375,1213.93621770302,17.642569616394,52,36,11,67,67,0.12,0.02,0.55,0.25,0.06,0,1.1781066859985
69.59,57.91796875,1227.12440202797,13.1881843249512,77,25,88,29,70,0.12,0.02,0.55,0.25,0.06,0,1.35305547700045
32.59,48.1416015625,1235.03178647003,7.90738444206238,57,39,29,20,67,0.12,0.02,0.55,0.25,0.06,0,1.30515019299855
35.46,55.8759765625,1235.03178647003,0,82,31,28,18,85,0.12,0.02,0.55,0.25,0.06,0,1.48323217900179
54.41,52.2470703125,1254.79787322838,19.7660867583466,97,21,50,45,60,0.12,0.02,0.55,0.25,0.06,0,3.49399819799874
62.42,57.537109375,1273.60574218559,18.8078689572143,49,31,85,29,32,0.12,0.02,0.55,0.25,0.06,0,1.71848195100029
40.14,47.673828125,1290.76781387474,17.1620716891479,62,30,29,49,65,0.12,0.02,0.55,0.25,0.06,0,1.27947216899702
36.69,44.544921875,1290.76781387474,0,51,77,20,51,88,0.12,0.02,0.55,0.25,0.06,1,2.02833387800274
45.92,32.57421875,1290.76781387474,0,49,95,64,6,24,0.12,0.02,0.55,0.25,0.06,1,1.09896421299709
60.59,46.3701171875,1290.76781387474,0,61,52,76,23,78,0.12,0.02,0.55,0.25,0.06,1,1.07872749500166
77.36,54.34375,1290.76781387474,0,77,44,70,96,79,0.12,0.02,0.55,0.25,0.06,1,1.49941119499999
42.19,64.1630859375,1290.76781387474,0,11,82,64,7,38,0.12,0.02,0.55,0.25,0.06,1,0.927082024998526
24.82,52.5185546875,1290.76781387474,0,99,85,3,23,64,0.12,0.02,0.55,0.25,0.06,1,1.06579781100299
55.07,41.7744140625,1290.76781387474,0,3,44,61,60,88,0.12,0.02,0.55,0.25,0.06,1,0.704703898001753
37.15,46.1748046875,1290.76781387474,0,52,46,32,45,19,0.12,0.02,0.55,0.25,0.06,1,1.09168106899961
38.33,47.20703125,1290.76781387474,0,14,1,29,82,3,0.12,0.02,0.55,0.25,0.06,1,0.768620603001182
76.16,62.31640625,1290.76781387474,0,70,93,83,69,50,0.12,0.02,0.55,0.25,0.06,1,1.47410322500218
37.86,33.900390625,1309.98388855461,19.2160746798706,57,51,29,49,30,0.12,0.02,0.55,0.25,0.06,0,1.67527911599973
44.43,47.6201171875,1329.47504617111,19.4911576165009,92,37,29,56,45,0.12,0.02,0.55,0.25,0.06,0,0.974285022999538
49.18,60.1123046875,1343.4992818821,14.0242357109833,58,43,64,4,86,0.12,0.02,0.55,0.25,0.06,0,2.1580985569999
38.07,42.830078125,1362.36636469429,18.8670828121948,62,52,26,53,34,0.12,0.02,0.55,0.25,0.06,0,0.90144238799985
45.14,66.0107421875,1362.36636469429,0,31,10,38,58,97,0.12,0.02,0.55,0.25,0.06,0,1.22373532599886
40.21,51.6171875,1375.86016836128,13.4938036669922,44,68,52,17,12,0.12,0.02,0.55,0.25,0.06,0,1.48560473899852
30.34,28.306640625,1395.65344084389,19.793272482605,13,8,19,65,32,0.12,0.02,0.55,0.25,0.06,0,1.76089822799986
70.01,70.431640625,1415.64455180305,19.9911109591675,6,71,75,88,77,0.12,0.02,0.55,0.25,0.06,0,1.67969904100028
66.77,52.66015625,1425.69016727058,10.0456154675293,86,80,68,53,70,0.12,0.02,0.55,0.25,0.06,0,1.82682827700046
68.01,61.611328125,1443.64301718239,17.9528499118042,73,78,75,60,24,0.12,0.02,0.55,0.25,0.06,0,2.1195676219977
79.68,64.7724609375,1443.64301718239,0,67,42,88,80,40,0.12,0.02,0.55,0.25,0.06,1,2.19276121999792
46.93,73.267578125,1443.64301718239,0,69,59,22,83,77,0.12,0.02,0.55,0.25,0.06,1,1.08037148399671
39.13,86.74609375,1443.64301718239,0,87,20,23,40,94,0.12,0.02,0.55,0.25,0.06,1,2.53411829499964
77.8,47.8154296875,1443.64301718239,0,99,57,93,31,98,0.12,0.02,0.55,0.25,0.06,1,0.982141340999078
48.02,55.9404296875,1443.64301718239,0,36,37,61,17,86,0.12,0.02,0.55,0.25,0.06,1,1.15099675100282
31.08,38.310546875,1443.64301718239,0,92,62,12,44,20,0.12,0.02,0.55,0.25,0.06,1,1.02482121499997
28.12,31.79296875,1443.64301718239,0,14,67,25,37,35,0.12,0.02,0.55,0.25,0.06,1,0.840583326000342
26.22,24.3095703125,1443.64301718239,0,82,84,9,27,50,0.12,0.02,0.55,0.25,0.06,1,1.19909064700187
43.77,54.3662109375,1443.64301718239,0,79,2,54,5,55,0.12,0.02,0.55,0.25,0.06,1,1.49503715499668
32.01,48.59765625,1443.64301718239,0,94,13,12,49,27,0.12,0.02,0.55,0.25,0.06,1,1.09854160899704
73.21,72.13671875,1463.58542055031,19.9424033679199,1,13,79,94,98,0.12,0.02,0.55,0.25,0.06,0,0.968597965998924
69.95,48.37890625,1463.58542055031,0,48,17,68,95,45,0.12,0.02,0.55,0.25,0.06,0,1.20782490899728
18.18,61.056640625,1463.58542055031,0,23,72,14,10,63,0.12,0.02,0.55,0.25,0.06,0,1.20720606100076
75.61,39.7109375,1463.58542055031,0,9,14,95,64,100,0.12,0.02,0.55,0.25,0.06,0,1.23657694700159
27.62,40.134765625,1475.75445261787,12.1690320675659,78,2,21,13,57,0.12,0.02,0.55,0.25,0.06,0,0.953255456999614
74.6,59.763671875,1484.74862100624,8.99416838836671,91,80,79,69,23,0.12,0.02,0.55,0.25,0.06,0,1.25764442400032
41.99,45.0771484375,1504.27209673248,19.5234757262421,95,5,24,49,84,0.12,0.02,0.55,0.25,0.06,0,0.96612576500047
63.95,65.5205078125,1524.14877199303,19.8766752605438,84,13,76,29,76,0.12,0.02,0.55,0.25,0.06,0,2.86972137200064
75.16,47.5849609375,1524.14877199303,0,84,38,70,92,47,0.12,0.02,0.55,0.25,0.06,0,0.919582537000679
25.72,41.42578125,1531.81519375938,7.66642176635742,73,1,4,52,29,0.12,0.02,0.55,0.25,0.06,0,0.753857731000608
28.63,41.599609375,1531.81519375938,0,20,15,26,29,73,0.12,0.02,0.55,0.25,0.06,1,1.3269747580016
29.13,39.0908203125,1531.81519375938,0,13,63,19,62,6,0.12,0.02,0.55,0.25,0.06,1,1.33802432500306
43.34,44.8701171875,1531.81519375938,0,42,76,23,91,23,0.12,0.02,0.55,0.25,0.06,1,0.876370691999909
54.79,53.646484375,1531.81519375938,0,97,31,62,15,78,0.12,0.02,0.55,0.25,0.06,1,0.985827693999454
34.79,27.912109375,1531.81519375938,0,18,3,36,29,92,0.12,0.02,0.55,0.25,0.06,1,1.21090501299841
33.48,54.65625,1531.81519375938,0,22,63,6,90,63,0.12,0.02,0.55,0.25,0.06,1,0.842705973002012
83.93,48.7900390625,1531.81519375938,0,46,9,98,75,93,0.12,0.02,0.55,0.25,0.06,1,0.785684979000507
17.02,40.6416015625,1531.81519375938,0,58,44,12,0,43,0.12,0.02,0.55,0.25,0.06,1,2.17094331800035
31.46,24.1298828125,1531.81519375938,0,45,23,32,26,25,0.12,0.02,0.55,0.25,0.06,1,1.33887627600052
49.74,52.720703125,1531.81519375938,0,92,75,36,48,90,0.12,0.02,0.55,0.25,0.06,1,0.949638051002694
31.56,24.4013671875,1549.25289257217,17.4376988127899,76,19,34,6,31,0.12,0.02,0.55,0.25,0.06,0,1.31556410000121
78.07,57.59765625,1549.25289257217,0,92,1,89,72,1,0.12,0.02,0.55,0.25,0.06,0,0.909023594002065
65.26,51.50390625,1559.79138680923,10.5384942370605,51,36,59,83,87,0.12,0.02,0.55,0.25,0.06,0,1.3277885690004
83.48,55.1435546875,1559.79138680923,0,88,93,92,72,41,0.12,0.02,0.55,0.25,0.06,0,0.80110695699841
36.56,44.3994140625,1576.71856616707,16.9271793578339,64,38,22,42,92,0.12,0.02,0.55,0.25,0.06,0,1.62374368900055
42.39,54.806640625,1589.00991794655,12.29135177948,19,1,28,81,74,0.12,0.02,0.55,0.25,0.06,0,2.6848626630017
70.59,51.50390625,1590.79596921486,1.78605126831054,88,73,62,83,62,0.12,0.02,0.55,0.25,0.06,0,1.00646562300244
63.91,39.935546875,1590.79596921486,0,81,30,86,17,34,0.12,0.02,0.55,0.25,0.06,0,1.31678914900112
20.62,28.0849609375,1608.00968712494,17.21371791008,25,82,19,13,38,0.12,0.02,0.55,0.25,0.06,0,1.67814902200189
33.99,34.11328125,1628.00892721161,19.9992400866699,49,62,18,59,37,0.12,0.02,0.55,0.25,0.06,0,1.80935465100265
38.81,42.5849609375,1628.00892721161,0,69,96,16,79,1,0.12,0.02,0.55,0.25,0.06,1,2.19131948300128
33.89,48.7978515625,1628.00892721161,0,1,15,15,98,12,0.12,0.02,0.55,0.25,0.06,1,1.28694437299782
54.85,49.15625,1628.00892721161,0,68,89,74,1,66,0.12,0.02,0.55,0.25,0.06,1,1.86724619400047
74,54.6962890625,1628.00892721161,0,61,43,85,53,97,0.12,0.02,0.55,0.25,0.06,1,1.52013507000083
38.08,64.2666015625,1628.00892721161,0,41,52,7,91,92,0.12,0.02,0.55,0.25,0.06,1,0.770831254001678
65.86,58.7373046875,1628.00892721161,0,94,55,47,87,98,0.12,0.02,0.55,0.25,0.06,1,0.828284202998475
42.45,65.1572265625,1628.00892721161,0,75,58,3,100,94,0.12,0.02,0.55,0.25,0.06,1,1.01158094299899
72.25,65.0595703125,1628.00892721161,0,84,34,79,70,9,0.12,0.02,0.55,0.25,0.06,1,0.883226879999711
46.96,46.6787109375,1628.00892721161,0,13,52,57,29,96,0.12,0.02,0.55,0.25,0.06,1,0.927613829997426
38.22,31.9716796875,1628.00892721161,0,14,31,61,9,2,0.12,0.02,0.55,0.25,0.06,1,1.02702457000123
64.69,42.791015625,1628.00892721161,0,100,54,65,50,56,0.12,0.02,0.55,0.25,0.06,0,1.75082410799951
38.2,50.7314453125,1640.1570711306,12.1481439189911,5,79,53,27,2,0.12,0.02,0.55,0.25,0.06,0,0.958421201998135
83.19,61.2353515625,1640.1570711306,0,18,33,99,90,57,0.12,0.02,0.55,0.25,0.06,0,1.43885619900175
40.55,52.1435546875,1653.436545616,13.2794744853973,71,36,20,75,26,0.12,0.02,0.55,0.25,0.06,0,1.05940725899927
65.03,67.2529296875,1673.18947479622,19.7529291802216,67,28,62,79,43,0.12,0.02,0.55,0.25,0.06,0,0.824121875000856
63.41,41.236328125,1673.18947479622,0,10,43,71,76,55,0.12,0.02,0.55,0.25,0.06,0,0.654202510999312
68.71,48.775390625,1673.32004224953,0.130567453308117,81,90,84,31,54,0.12,0.02,0.55,0.25,0.06,0,0.658905765001691
69.34,33.947265625,1673.32004224953,0,59,93,74,74,20,0.12,0.02,0.55,0.25,0.06,0,0.759636927999964
31.27,47.05859375,1680.8560576194,7.53601536987304,25,49,14,63,64,0.12,0.02,0.55,0.25,0.06,0,0.616459966000548
42.85,42.8115234375,1700.85598359711,19.9999259777069,53,62,11,100,70,0.12,0.02,0.55,0.25,0.06,0,0.750885029003257
45.62,71.087890625,1700.85598359711,0,84,7,19,83,70,0.12,0.02,0.55,0.25,0.06,1,1.65692939200017
45.67,48.1669921875,1700.85598359711,0,73,7,31,70,37,0.12,0.02,0.55,0.25,0.06,1,0.662495452001167
26.92,38.1845703125,1700.85598359711,0,92,46,10,28,41,0.12,0.02,0.55,0.25,0.06,1,0.804145673999301
69.89,54.84765625,1700.85598359711,0,18,41,86,65,56,0.12,0.02,0.55,0.25,0.06,1,0.924338263001118
50.02,60.5615234375,1700.85598359711,0,44,89,48,60,26,0.12,0.02,0.55,0.25,0.06,1,0.888645382001414
65.02,63.0380859375,1700.85598359711,0,24,1,91,25,97,0.12,0.02,0.55,0.25,0.06,1,1.8534143249999
55.37,63.89453125,1700.85598359711,0,26,78,66,53,19,0.12,0.02,0.55,0.25,0.06,1,0.834043934999499
27.83,37.3466796875,1700.85598359711,0,82,96,16,19,42,0.12,0.02,0.55,0.25,0.06,1,2.48117038499913
10.49,8.77734375,1700.85598359711,0,5,5,10,15,9,0.12,0.02,0.55,0.25,0.06,1,2.78020031100095
50.33,58.7021484375,1700.85598359711,0,20,65,59,38,78,0.12,0.02,0.55,0.25,0.06,1,1.84305725100057
37.24,44.134765625,1718.47909394592,17.6231103488159,18,49,23,69,70,0.12,0.02,0.55,0.25,0.06,0,2.61818350500107
42.61,37.0302734375,1736.92242652031,18.4433325743866,94,16,12,95,11,0.12,0.02,0.55,0.25,0.06,0,5.61300217600001
43.98,74.3232421875,1736.92242652031,0,92,78,19,83,3,0.12,0.02,0.55,0.25,0.06,0,2.90363073899789
48.93,39.681640625,1752.64581896385,15.7233924435425,56,41,35,78,44,0.12,0.02,0.55,0.25,0.06,0,1.71996174099695
56.99,60.6142578125,1771.98905672928,19.3432377654266,82,1,53,64,33,0.12,0.02,0.55,0.25,0.06,0,2.5688928540003
30.19,41.3212890625,1785.79377691963,13.8047201903534,85,68,17,34,13,0.12,0.02,0.55,0.25,0.06,0,2.16700467199917
77.12,54.3349609375,1785.79377691963,0,58,86,99,55,4,0.12,0.02,0.55,0.25,0.06,0,1.90948317499715
26.53,42.75390625,1792.63302021919,6.83924329956054,81,50,15,12,76,0.12,0.02,0.55,0.25,0.06,0,1.72014655899693
66.35,51.0751953125,1800.96703730713,8.33401708793641,5,31,84,63,53,0.12,0.02,0.55,0.25,0.06,0,1.48015171000225
61.33,50.04296875,1814.59718358521,13.6301462780762,92,50,46,95,4,0.12,0.02,0.55,0.25,0.06,0,0.418605756000034
46.39,52.7265625,1814.59718358521,0,59,77,56,19,37,0.12,0.02,0.55,0.25,0.06,1,1.65671719000238
34.16,49,1814.59718358521,0,69,77,35,17,14,0.12,0.02,0.55,0.25,0.06,1,1.60601327699987
87.02,63.8603515625,1814.59718358521,0,66,77,100,72,76,0.12,0.02,0.55,0.25,0.06,1,2.12517038900114
41.42,46.1220703125,1814.59718358521,0,2,49,68,4,30,0.12,0.02,0.55,0.25,0.06,1,2.93555139100135
10.59,50.6953125,1814.59718358521,0,49,70,0,7,26,0.12,0.02,0.55,0.25,0.06,1,2.2165433400005
21.33,23.451171875,1814.59718358521,0,28,5,11,24,97,0.12,0.02,0.55,0.25,0.06,1,0.99842549800087
94.33,65.31640625,1814.59718358521,0,99,64,94,97,87,0.12,0.02,0.55,0.25,0.06,1,1.07871651499954
32.67,38.810546875,1814.59718358521,0,96,38,34,1,24,0.12,0.02,0.55,0.25,0.06,1,2.88410843999736
57.8,39.4404296875,1814.59718358521,0,60,23,66,46,39,0.12,0.02,0.55,0.25,0.06,1,3.39968996099924
62.71,55.8212890625,1814.59718358521,0,17,62,85,32,78,0.12,0.02,0.55,0.25,0.06,1,1.62090777999765
44.63,63.37109375,1817.03575383789,2.43857025268555,92,95,23,68,34,0.12,0.02,0.55,0.25,0.06,0,2.05643530799716
32.46,45.3173828125,1828.77013919853,11.7343853606415,70,96,13,53,29,0.12,0.02,0.55,0.25,0.06,0,1.49168511300013
30.54,33.6728515625,1848.2794012529,19.5092620543671,17,51,10,86,8,0.12,0.02,0.55,0.25,0.06,0,2.45408400099768
52.81,64.1640625,1861.8336644902,13.5542632373047,11,22,43,88,90,0.12,0.02,0.55,0.25,0.06,0,1.63304993400016
69.34,64.9130859375,1880.85378608437,19.020121594162,62,77,82,56,21,0.12,0.02,0.55,0.25,0.06,0,1.629414179999
24.06,60.3388671875,1880.85378608437,0,30,42,24,6,82,0.12,0.02,0.55,0.25,0.06,0,1.88989491299799
42.67,42.03515625,1900.83363475502,19.9798486706543,33,49,32,69,48,0.12,0.02,0.55,0.25,0.06,0,1.34828360200117
29.93,38.125,1917.47573350502,16.64209875,16,85,45,0,26,0.12,0.02,0.55,0.25,0.06,0,2.39652517899958
60.53,42.1875,1920.65336819252,3.17763468749999,11,5,76,63,26,0.12,0.02,0.55,0.25,0.06,0,2.00109061699914
40.88,68.083984375,1920.65336819252,0,1,74,29,71,93,0.12,0.02,0.55,0.25,0.06,0,1.59139515499919
34.26,54.658203125,1920.65336819252,0,29,55,19,57,83,0.12,0.02,0.55,0.25,0.06,1,1.97934350800278
61.13,59.2109375,1920.65336819252,0,76,95,55,66,56,0.12,0.02,0.55,0.25,0.06,1,2.02691148400118
21.64,29.21875,1920.65336819252,0,11,44,11,37,69,0.12,0.02,0.55,0.25,0.06,1,1.93697609299852
35.32,33.9560546875,1920.65336819252,0,40,93,43,3,71,0.12,0.02,0.55,0.25,0.06,1,2.64303165000092
27.91,19.21484375,1920.65336819252,0,25,24,32,11,68,0.12,0.02,0.55,0.25,0.06,1,2.136513767
34.08,46.654296875,1920.65336819252,0,86,44,0,86,23,0.12,0.02,0.55,0.25,0.06,1,2.14559344500231
22.79,22.994140625,1920.65336819252,0,44,24,6,53,8,0.12,0.02,0.55,0.25,0.06,1,3.18744198299828
22.68,10.556640625,1920.65336819252,0,10,87,10,56,4,0.12,0.02,0.55,0.25,0.06,1,2.49765445400044
43.89,42.5693359375,1920.65336819252,0,71,8,24,77,46,0.12,0.02,0.55,0.25,0.06,1,2.24411639000027
31.25,26.0361328125,1920.65336819252,0,10,27,30,41,46,0.12,0.02,0.55,0.25,0.06,1,1.62697064799795
20.65,25.927734375,1939.26064418587,18.6072759933472,25,84,20,5,62,0.12,0.02,0.55,0.25,0.06,0,2.21308173600119
77.48,55.8759765625,1939.26064418587,0,63,9,91,67,49,0.12,0.02,0.55,0.25,0.06,0,3.61749131000033
35.96,52.1376953125,1946.17475290466,6.91410871879578,37,57,12,74,88,0.12,0.02,0.55,0.25,0.06,0,2.02839190200029
77.41,71.4296875,1964.38654602478,18.2117931201172,9,60,90,79,98,0.12,0.02,0.55,0.25,0.06,0,2.81741209499887
52.76,39.5693359375,1975.68686510429,11.3003190795136,87,22,30,90,48,0.12,0.02,0.55,0.25,0.06,0,1.70887431399751
37.71,43.361328125,1994.08998962547,18.4031245211792,40,71,32,45,44,0.12,0.02,0.55,0.25,0.06,0,2.0550278390001
42.32,35.0078125,2011.41658532372,17.3265956982422,16,6,68,6,23,0.12,0.02,0.55,0.25,0.06,0,1.9943118409974
40.28,27.6318359375,2023.41778261612,12.0011972924042,80,55,37,35,8,0.12,0.02,0.55,0.25,0.06,0,2.00819467999827
52.15,44.306640625,2040.34186830185,16.92408568573,3,21,48,85,62,0.12,0.02,0.55,0.25,0.06,0,2.29351613600011
21.17,23.9931640625,2059.94335553566,19.6014872338104,33,48,28,1,10,0.12,0.02,0.55,0.25,0.06,0,1.74335098499796
54.83,20.833984375,2059.94335553566,0,3,3,71,60,6,0.12,0.02,0.55,0.25,0.06,1,2.2169571609993
50.13,50.79296875,2059.94335553566,0,61,5,56,27,86,0.12,0.02,0.55,0.25,0.06,1,1.59893068999736
70.88,66.29296875,2059.94335553566,0,24,79,92,46,72,0.12,0.02,0.55,0.25,0.06,1,1.91081148800004
72.61,66.29296875,2059.94335553566,0,76,37,69,86,55,0.12,0.02,0.55,0.25,0.06,1,2.38324068199654
65.74,32.326171875,2059.94335553566,0,4,64,98,36,18,0.12,0.02,0.55,0.25,0.06,1,1.67294517499977
15.88,39.419921875,2059.94335553566,0,28,83,17,1,21,0.12,0.02,0.55,0.25,0.06,1,1.77414824900188
26.23,24.91796875,2059.94335553566,0,29,19,9,62,32,0.12,0.02,0.55,0.25,0.06,1,2.82218062100219
49.76,49.75,2059.94335553566,0,39,65,52,54,28,0.12,0.02,0.55,0.25,0.06,1,2.05980531000023
70.02,59.396484375,2059.94335553566,0,55,32,62,96,78,0.12,0.02,0.55,0.25,0.06,1,1.83254931299962
38.99,58.7119140625,2059.94335553566,0,51,19,6,99,74,0.12,0.02,0.55,0.25,0.06,1,2.07036677500219
39.36,71.833984375,2059.94335553566,0,74,66,8,76,96,0.12,0.02,0.55,0.25,0.06,0,2.74518346900004
39.73,38.1484375,2079.81828853859,19.8749330029297,22,42,19,90,55,0.12,0.02,0.55,0.25,0.06,0,1.80030904100204
61.98,30.044921875,2079.81828853859,0,98,23,78,20,31,0.12,0.02,0.55,0.25,0.06,0,1.59829440300018
64.53,25.884765625,2079.81828853859,0,23,21,77,70,25,0.12,0.02,0.55,0.25,0.06,0,1.75584855099805
22.45,42.884765625,2079.81828853859,0,42,61,7,28,89,0.12,0.02,0.55,0.25,0.06,0,1.93955468299828
31.46,36.5517578125,2098.52198865753,18.7037001189423,100,7,20,22,47,0.12,0.02,0.55,0.25,0.06,0,1.78512783200131
26.11,30.0556640625,2117.74357541283,19.2215867552948,16,100,13,52,34,0.12,0.02,0.55,0.25,0.06,0,1.69013048399938
42.17,45.8720703125,2137.05830918289,19.3147337700653,60,20,29,62,52,0.12,0.02,0.55,0.25,0.06,0,1.78737901299974
36.62,33.814453125,2156.6647545195,19.6064453366089,77,44,39,13,30,0.12,0.02,0.55,0.25,0.06,0,1.87463521300015
30.88,43.64453125,2168.51809161789,11.8533370983887,98,7,22,10,73,0.12,0.02,0.55,0.25,0.06,0,1.70159390499975
42.87,46.9677734375,2168.51809161789,0,48,33,28,71,55,0.12,0.02,0.55,0.25,0.06,1,2.22187924699756
19.9,41.5146484375,2168.51809161789,0,71,48,5,17,57,0.12,0.02,0.55,0.25,0.06,1,1.29945316199883
43.07,38.58203125,2168.51809161789,0,50,0,40,55,22,0.12,0.02,0.55,0.25,0.06,1,1.55127279599765
47.97,57.0810546875,2168.51809161789,0,23,82,72,1,62,0.12,0.02,0.55,0.25,0.06,1,1.40081595199808
53.45,35.99609375,2168.51809161789,0,98,20,71,8,4,0.12,0.02,0.55,0.25,0.06,1,1.992353808997
52.67,35.99609375,2168.51809161789,0,51,1,61,44,33,0.12,0.02,0.55,0.25,0.06,1,1.88837036800032
46.59,51.6162109375,2168.51809161789,0,79,82,36,49,57,0.12,0.02,0.55,0.25,0.06,1,2.20417207300125
43.16,49.8896484375,2168.51809161789,0,83,29,22,78,17,0.12,0.02,0.55,0.25,0.06,1,1.64267274600206
44.59,48.0751953125,2168.51809161789,0,6,99,55,24,94,0.12,0.02,0.55,0.25,0.06,1,2.97696666800039
87.52,73.7216796875,2168.51809161789,0,65,80,98,94,12,0.12,0.02,0.55,0.25,0.06,1,2.11224161399878
50.85,56.0576171875,2187.16212777931,18.6440361614227,32,58,48,61,70,0.12,0.02,0.55,0.25,0.06,0,2.55581490899931
60.75,47.4873046875,2198.3671734317,11.2050456523895,33,98,94,1,48,0.12,0.02,0.55,0.25,0.06,0,1.85075699400113
84.11,59.3056640625,2198.3671734317,0,68,59,98,77,27,0.12,0.02,0.55,0.25,0.06,0,2.13359142099944
54,43.25,2212.5890484317,14.221875,47,34,58,60,13,0.12,0.02,0.55,0.25,0.06,0,2.26971697399858
49.81,35.6787109375,2222.60438190331,10.0153334716034,52,29,58,35,39,0.12,0.02,0.55,0.25,0.06,0,2.20002895500147
8.75,23.1552734375,2232.22878676285,9.62440485954285,4,53,7,6,31,0.12,0.02,0.55,0.25,0.06,0,1.84525377400132
42.54,36.4287109375,2250.36139406258,18.1326072997284,54,26,44,36,39,0.12,0.02,0.55,0.25,0.06,0,1.52950233199954
74.84,36.1787109375,2250.36139406258,0,48,37,92,64,29,0.12,0.02,0.55,0.25,0.06,0,1.90634770000179
55.53,40.08984375,2258.44147281136,8.08007874877929,14,41,89,12,18,0.12,0.02,0.55,0.25,0.06,0,2.06746072300302
44.84,55.546875,2272.70961419807,14.2681413867187,5,73,41,67,58,0.12,0.02,0.55,0.25,0.06,0,1.66190814999936
70.23,43.2958984375,2272.70961419807,0,43,43,87,64,6,0.12,0.02,0.55,0.25,0.06,1,1.79453478900177
69.27,73.7001953125,2272.70961419807,0,4,77,92,45,90,0.12,0.02,0.55,0.25,0.06,1,2.19411564500115
22.2,34.9638671875,2272.70961419807,0,53,18,8,34,43,0.12,0.02,0.55,0.25,0.06,1,1.8818210999998
46.4,50.51953125,2272.70961419807,0,79,20,56,2,87,0.12,0.02,0.55,0.25,0.06,1,1.13351772999886
46.89,29.54296875,2272.70961419807,0,26,86,58,37,15,0.12,0.02,0.55,0.25,0.06,1,1.21622712300086
41.32,37.287109375,2272.70961419807,0,66,16,41,27,63,0.12,0.02,0.55,0.25,0.06,1,1.07176972099842
64.98,63.052734375,2272.70961419807,0,72,77,92,0,70,0.12,0.02,0.55,0.25,0.06,1,1.41273537500092
38.49,35.884765625,2272.70961419807,0,49,79,26,65,8,0.12,0.02,0.55,0.25,0.06,1,1.75586223400023
41.97,58.6318359375,2272.70961419807,0,24,91,59,2,72,0.12,0.02,0.55,0.25,0.06,1,1.24517440899945
63.69,53.189453125,2272.70961419807,0,24,76,64,75,89,0.12,0.02,0.55,0.25,0.06,1,1.62694587399892
25.89,43.73828125,2276.78155701912,4.07194282104492,21,59,20,27,74,0.12,0.02,0.55,0.25,0.06,0,2.020027655999
51.58,45.900390625,2295.16865888649,18.3871018673706,97,48,37,51,98,0.12,0.02,0.55,0.25,0.06,0,2.45678006699745
33.14,34.3525390625,2315.09514633759,19.9264874510956,28,45,13,79,33,0.12,0.02,0.55,0.25,0.06,0,2.45950049999738
61.7,71.7861328125,2330.00864258202,14.9134962444305,53,69,79,19,96,0.12,0.02,0.55,0.25,0.06,0,2.22170505799659
25.19,49.9296875,2330.00864258202,0,15,21,1,76,57,0.12,0.02,0.55,0.25,0.06,0,1.94675476999691
58.39,60.4443359375,2349.79762777481,19.7889851927948,84,16,54,59,59,0.12,0.02,0.55,0.25,0.06,0,2.68228942000133
43.59,40.4130859375,2369.29298862679,19.4953608519745,82,50,51,14,20,0.12,0.02,0.55,0.25,0.06,0,1.89163235799788
62.58,64.35546875,2389.13537416267,19.8423855358887,78,97,44,92,68,0.12,0.02,0.55,0.25,0.06,0,2.47772576500211
43.45,45.2587890625,2408.97178826904,19.836414106369,6,50,51,36,78,0.12,0.02,0.55,0.25,0.06,0,2.1917552010018
56.75,57.5009765625,2428.94358997917,19.9718017101288,42,85,63,60,6,0.12,0.02,0.55,0.25,0.06,0,1.70959765800217
70.45,56.7294921875,2428.94358997917,0,85,43,73,64,54,0.12,0.02,0.55,0.25,0.06,1,2.39287385100033
44.74,40.9560546875,2428.94358997917,0,81,15,37,57,2,0.12,0.02,0.55,0.25,0.06,1,1.28012856100031
24,45.138671875,2428.94358997917,0,64,48,10,20,81,0.12,0.02,0.55,0.25,0.06,1,2.13274796800033
67.19,65.017578125,2428.94358997917,0,89,75,71,42,91,0.12,0.02,0.55,0.25,0.06,1,1.73419581299822
37.26,47.951171875,2428.94358997917,0,89,91,39,1,51,0.12,0.02,0.55,0.25,0.06,1,1.63221322499885
67.53,68.4921875,2428.94358997917,0,6,28,68,95,85,0.12,0.02,0.55,0.25,0.06,1,1.24640609599737
18.25,47.0048828125,2428.94358997917,0,17,76,5,30,74,0.12,0.02,0.55,0.25,0.06,1,4.33226026400007
48.16,69.6220703125,2428.94358997917,0,95,92,36,42,77,0.12,0.02,0.55,0.25,0.06,1,1.40333061999991
53.81,46.603515625,2428.94358997917,0,89,55,69,12,18,0.12,0.02,0.55,0.25,0.06,1,1.21904383400033
57.18,40.4228515625,2428.94358997917,0,3,40,80,38,42,0.12,0.02,0.55,0.25,0.06,1,1.16224637699997
25.83,42.87890625,2434.41032976311,5.46673978393555,34,49,19,24,72,0.12,0.02,0.55,0.25,0.06,0,3.19854768799996
60.45,58.75,2454.26582976311,19.8555,90,39,37,92,92,0.12,0.02,0.55,0.25,0.06,0,1.58667120199971
70.06,66.1572265625,2473.50424773789,19.2384179747772,83,77,61,83,71,0.12,0.02,0.55,0.25,0.06,0,1.44785450800191
26.6,34.83984375,2490.10949648666,16.6052487487793,57,6,4,64,24,0.12,0.02,0.55,0.25,0.06,0,1.82926413899986
14.45,26.8125,2502.46792617416,12.3584296875,9,18,3,44,6,0.12,0.02,0.55,0.25,0.06,0,2.05846767299954
58.51,64.4306640625,2520.71521302712,18.247286852951,95,80,40,71,96,0.12,0.02,0.55,0.25,0.06,0,2.80468658099926
44.45,41.6396484375,2540.32030923187,19.6050962047577,8,7,59,28,65,0.12,0.02,0.55,0.25,0.06,0,1.56103036599961
47.79,39.1298828125,2556.57042774681,16.2501185149384,58,5,47,54,23,0.12,0.02,0.55,0.25,0.06,0,2.14452561599683
50.71,69.2958984375,2559.29864671036,2.72821896354676,100,89,52,11,93,0.12,0.02,0.55,0.25,0.06,0,2.86429267300264
17.25,12.189453125,2578.01818997665,18.7195432662964,31,3,15,18,12,0.12,0.02,0.55,0.25,0.06,0,2.61031343599825
53.86,30.6455078125,2578.01818997665,0,17,9,52,84,34,0.12,0.02,0.55,0.25,0.06,1,1.648774194
64.54,58.943359375,2578.01818997665,0,74,79,86,18,38,0.12,0.02,0.55,0.25,0.06,1,1.38211343600051
64.02,55.0986328125,2578.01818997665,0,63,13,60,88,20,0.12,0.02,0.55,0.25,0.06,1,3.27846253499956
64.11,55.0439453125,2578.01818997665,0,6,55,81,70,4,0.12,0.02,0.55,0.25,0.06,1,1.48108194800079
52.69,55.9677734375,2578.01818997665,0,75,67,54,29,90,0.12,0.02,0.55,0.25,0.06,1,2.14946010699714
58.78,33.1552734375,2578.01818997665,0,56,12,72,40,37,0.12,0.02,0.55,0.25,0.06,1,1.83052247399974
46.36,49.1240234375,2578.01818997665,0,26,96,54,46,2,0.12,0.02,0.55,0.25,0.06,1,1.5561500449985
19.34,59.3779296875,2578.01818997665,0,58,71,5,11,91,0.12,0.02,0.55,0.25,0.06,1,2.43774662800206
34.42,55.1416015625,2578.01818997665,0,11,53,17,79,49,0.12,0.02,0.55,0.25,0.06,1,3.28303494400097
67.9,58.1611328125,2578.01818997665,0,97,65,90,0,91,0.12,0.02,0.55,0.25,0.06,1,1.18148893599937
86.65,48.939453125,2578.01818997665,0,43,27,98,95,55,0.12,0.02,0.55,0.25,0.06,0,2.19420706999881
69.79,70.0341796875,2598.01520879067,19.9970188140106,92,23,86,25,79,0.12,0.02,0.55,0.25,0.06,0,1.36810540700026
15.53,65.9716796875,2598.01520879067,0,48,88,5,4,71,0.12,0.02,0.55,0.25,0.06,0,1.86367195400089
52.57,29.72265625,2598.01520879067,0,18,8,63,54,35,0.12,0.02,0.55,0.25,0.06,0,2.22604119000243
35.98,30.40625,2616.46187433754,18.446665546875,60,93,37,21,22,0.12,0.02,0.55,0.25,0.06,0,1.92688163999992
44.62,30.40625,2626.36033988442,9.898465546875,71,27,21,91,21,0.12,0.02,0.55,0.25,0.06,0,1.76752912399752
53.96,77.4091796875,2626.36033988442,0,88,86,31,75,98,0.12,0.02,0.55,0.25,0.06,0,3.05491582700051
29.18,44.8642578125,2634.06054272797,7.70020284355163,96,78,3,53,20,0.12,0.02,0.55,0.25,0.06,0,1.80074581300141
71.53,46.86328125,2634.06054272797,0,33,66,82,75,40,0.12,0.02,0.55,0.25,0.06,0,1.85444387999814
50.06,25.572265625,2634.06054272797,0,6,5,71,17,99,0.12,0.02,0.55,0.25,0.06,0,2.65794557100162
45.36,43.3349609375,2634.06054272797,0,70,35,43,31,81,0.12,0.02,0.55,0.25,0.06,1,3.23282211999685
33.9,41.509765625,2634.06054272797,0,43,71,31,19,92,0.12,0.02,0.55,0.25,0.06,1,1.39729266499853
17.14,17.0361328125,2634.06054272797,0,8,85,9,17,88,0.12,0.02,0.55,0.25,0.06,1,1.82001144300011
35.19,31.7119140625,2634.06054272797,0,4,15,31,62,31,0.12,0.02,0.55,0.25,0.06,1,2.08252640700084
73.87,41.6181640625,2634.06054272797,0,50,15,95,44,72,0.12,0.02,0.55,0.25,0.06,1,2.44604980200165
62.83,21.185546875,2634.06054272797,0,22,93,72,67,33,0.12,0.02,0.55,0.25,0.06,1,1.63580061899847
48.9,54.849609375,2634.06054272797,0,72,92,39,53,62,0.12,0.02,0.55,0.25,0.06,1,2.12108317899765
37.62,49.3095703125,2634.06054272797,0,52,59,24,50,75,0.12,0.02,0.55,0.25,0.06,1,1.19496575499943
34.76,41.28125,2634.06054272797,0,0,13,15,99,25,0.12,0.02,0.55,0.25,0.06,1,3.33951944599903
51.66,66.05859375,2634.06054272797,0,94,94,31,75,45,0.12,0.02,0.55,0.25,0.06,1,1.97177758399994
36.42,19.533203125,2639.80234729309,5.74180456512451,27,86,25,67,16,0.12,0.02,0.55,0.25,0.06,0,2.56488887100204
66.92,38.6083984375,2639.80234729309,0,39,70,92,40,4,0.12,0.02,0.55,0.25,0.06,0,1.41096786499838
32.95,25.421875,2656.96871399231,17.1663666992187,20,4,44,15,42,0.12,0.02,0.55,0.25,0.06,0,2.61712334000185
14.67,16.3837890625,2676.82186034477,19.8531463524628,32,16,5,20,46,0.12,0.02,0.55,0.25,0.06,0,2.27724503600257
70.91,48.7978515625,2676.82186034477,0,47,2,73,96,18,0.12,0.02,0.55,0.25,0.06,0,1.69533280600081
34.33,26.55078125,2693.79604812676,16.9741877819824,10,66,42,31,16,0.12,0.02,0.55,0.25,0.06,0,1.84925492200273
80.23,52.1865234375,2693.79604812676,0,0,43,94,97,57,0.12,0.02,0.55,0.25,0.06,0,1.4926726449994
50.79,33.5673828125,2698.9651209874,5.16907286064147,42,40,55,36,95,0.12,0.02,0.55,0.25,0.06,0,1.71007105299941
47.4,35.6318359375,2712.0406367173,13.0755157299042,92,23,36,56,35,0.12,0.02,0.55,0.25,0.06,0,1.36897240500184
37.8,77.0830078125,2712.0406367173,0,28,96,16,74,87,0.12,0.02,0.55,0.25,0.06,0,1.88046844999917
35.25,29.5703125,2712.0406367173,0,59,0,32,25,72,0.12,0.02,0.55,0.25,0.06,1,2.11948983899856
69.65,63.6142578125,2712.0406367173,0,7,51,73,94,69,0.12,0.02,0.55,0.25,0.06,1,1.52189712399922
48.59,44.5830078125,2712.0406367173,0,74,48,30,89,0,0.12,0.02,0.55,0.25,0.06,1,1.50141385399911
59.93,59.46484375,2712.0406367173,0,56,43,55,68,85,0.12,0.02,0.55,0.25,0.06,1,1.56851947099858
19.48,17.28515625,2712.0406367173,0,3,21,17,35,10,0.12,0.02,0.55,0.25,0.06,1,2.06516670699784
61.16,47.5703125,2712.0406367173,0,37,20,74,50,52,0.12,0.02,0.55,0.25,0.06,1,2.48536936299934
55.61,22.6728515625,2712.0406367173,0,27,20,79,18,67,0.12,0.02,0.55,0.25,0.06,1,1.76647846299966
92.93,88.240234375,2712.0406367173,0,89,7,98,91,91,0.12,0.02,0.55,0.25,0.06,1,2.78526102099931
63.11,59.5517578125,2712.0406367173,0,41,7,71,58,75,0.12,0.02,0.55,0.25,0.06,1,1.92811465600244
51.56,38.70703125,2712.0406367173,0,24,7,53,67,44,0.12,0.02,0.55,0.25,0.06,1,1.30652741399899
17.17,16.2666015625,2731.99983028046,19.9591935631561,91,84,6,1,17,0.12,0.02,0.55,0.25,0.06,0,5.07862577500055
80.73,62.138671875,2734.71795620789,2.71812592742919,73,69,97,68,4,0.12,0.02,0.55,0.25,0.06,0,1.7019303240013
32.14,64.822265625,2734.71795620789,0,67,99,12,46,67,0.12,0.02,0.55,0.25,0.06,0,1.99950678300229
33.38,25.2275390625,2751.39482524101,16.6768690331268,20,17,36,28,64,0.12,0.02,0.55,0.25,0.06,0,2.61299313999916
70.72,55.7841796875,2760.24088882065,8.8460635796356,2,57,81,85,59,0.12,0.02,0.55,0.25,0.06,0,1.41781194099894
28.05,22.5126953125,2778.70780166054,18.4669128398895,32,15,15,48,61,0.12,0.02,0.55,0.25,0.06,0,1.91892348600231
69.6,33.3427734375,2778.70780166054,0,38,98,97,37,8,0.12,0.02,0.55,0.25,0.06,0,1.17445729600149
77.57,51.396484375,2778.70780166054,0,58,54,96,59,33,0.12,0.02,0.55,0.25,0.06,0,2.03143586000078
74.65,55.44921875,2780.27430163002,1.56649996948241,81,31,86,57,46,0.12,0.02,0.55,0.25,0.06,0,0.851353336998727
29.04,38.013671875,2796.24796228401,15.9736606539917,34,34,17,41,78,0.12,0.02,0.55,0.25,0.06,0,0.968377225999575
72.07,56.349609375,2796.24796228401,0,46,59,97,26,92,0.12,0.02,0.55,0.25,0.06,1,1.21833188600067
34.15,58.6748046875,2796.24796228401,0,60,58,9,68,64,0.12,0.02,0.55,0.25,0.06,1,1.55384897399927
52.61,50.072265625,2796.24796228401,0,63,66,64,31,13,0.12,0.02,0.55,0.25,0.06,1,1.07532282900138
15.77,15.169921875,2796.24796228401,0,29,27,17,6,15,0.12,0.02,0.55,0.25,0.06,1,1.77647056099886
39.55,42.6201171875,2796.24796228401,0,13,91,36,47,77,0.12,0.02,0.55,0.25,0.06,1,1.37716279100277
55.13,64.974609375,2796.24796228401,0,64,66,78,11,8,0.12,0.02,0.55,0.25,0.06,1,1.72228213600101
60.33,58.3701171875,2796.24796228401,0,51,96,58,77,19,0.12,0.02,0.55,0.25,0.06,1,1.68475336299889
49.93,23.5869140625,2796.24796228401,0,3,22,77,18,38,0.12,0.02,0.55,0.25,0.06,1,2.08889645800082
81.97,65.4853515625,2796.24796228401,0,94,97,96,47,70,0.12,0.02,0.55,0.25,0.06,1,1.8686198510004
51.42,40.21875,2796.24796228401,0,43,17,61,31,77,0.12,0.02,0.55,0.25,0.06,1,1.90464269099903
55.49,70.525390625,2804.9448137217,8.69685143768311,46,99,76,7,74,0.12,0.02,0.55,0.25,0.06,0,2.30917439000041
4.23,34.5048828125,2804.9448137217,0,4,92,1,4,6,0.12,0.02,0.55,0.25,0.06,0,1.51027473299837
24.79,41.533203125,2810.92807117744,5.98325745574951,46,15,2,59,52,0.12,0.02,0.55,0.25,0.06,0,1.67228824999984
37.98,61.595703125,2810.92807117744,0,80,9,9,69,100,0.12,0.02,0.55,0.25,0.06,0,1.61142495199965
57.43,35.2109375,2810.92807117744,0,99,15,44,65,80,0.12,0.02,0.55,0.25,0.06,0,1.73636327200074
29.18,36.6875,2828.10994336494,17.1818721875,5,42,4,82,84,0.12,0.02,0.55,0.25,0.06,0,0.960914900002535
64.4,57.109375,2845.45228272041,17.3423393554687,93,15,62,66,39,0.12,0.02,0.55,0.25,0.06,0,2.35316782500013
30.55,32.7763671875,2865.20444717773,19.7521644573212,24,4,26,33,84,0.12,0.02,0.55,0.25,0.06,0,1.56017404600061
56.71,37.2626953125,2866.29456419731,1.09011701957701,0,48,91,6,70,0.12,0.02,0.55,0.25,0.06,0,1.77600750500278
34.68,17.44921875,2871.44957307304,5.15500887573242,4,14,18,74,92,0.12,0.02,0.55,0.25,0.06,0,1.95124547500018
60.59,37.904296875,2871.44957307304,0,95,7,63,42,65,0.12,0.02,0.55,0.25,0.06,1,1.61728681499881
40.23,41.859375,2871.44957307304,0,56,70,38,41,16,0.12,0.02,0.55,0.25,0.06,1,1.80023069199888
52.02,41.283203125,2871.44957307304,0,15,46,61,63,0,0.12,0.02,0.55,0.25,0.06,1,1.15207127100075
35.6,48.5712890625,2871.44957307304,0,34,27,11,87,53,0.12,0.02,0.55,0.25,0.06,1,1.24135047500022
51.2,34.5263671875,2871.44957307304,0,63,12,70,10,40,0.12,0.02,0.55,0.25,0.06,1,1.59992861000137
47.33,25.5751953125,2871.44957307304,0,15,3,56,57,7,0.12,0.02,0.55,0.25,0.06,1,1.62305426500097
35.07,27.0966796875,2871.44957307304,0,70,36,21,36,90,0.12,0.02,0.55,0.25,0.06,1,2.96631425899977
73.52,62.171875,2871.44957307304,0,69,95,82,66,29,0.12,0.02,0.55,0.25,0.06,1,2.14744904100007
46.9,51.0703125,2871.44957307304,0,39,47,66,0,83,0.12,0.02,0.55,0.25,0.06,1,2.23088218700286
25.01,24.09765625,2871.44957307304,0,43,84,25,16,7,0.12,0.02,0.55,0.25,0.06,1,1.81959230299981
29.96,23.9130859375,2889.62131458908,18.171741516037,86,95,19,21,34,0.12,0.02,0.55,0.25,0.06,0,1.25721637400056
41.89,38.404296875,2909.0138082753,19.3924936862183,63,12,37,42,54,0.12,0.02,0.55,0.25,0.06,0,1.92557357199985
56.78,53.6123046875,2928.51209359566,19.4982853203583,62,99,54,68,11,0.12,0.02,0.55,0.25,0.06,0,2.45424782099872
81.88,67.0712890625,2937.54719761414,9.03510401847838,24,29,93,87,92,0.12,0.02,0.55,0.25,0.06,0,1.82516680399931
50.23,45.095703125,2956.2291473941,18.6819497799683,36,0,77,8,26,0.12,0.02,0.55,0.25,0.06,0,3.10201475199938
30.77,25.9990234375,2975.09103652611,18.8618891320038,37,62,30,31,14,0.12,0.02,0.55,0.25,0.06,0,1.91810066499966
52.72,65.05078125,2987.48862821434,12.3975916882324,79,32,29,85,90,0.12,0.02,0.55,0.25,0.06,0,3.39888392899957
20.44,48.6474609375,2987.48862821434,0,8,9,5,65,5,0.12,0.02,0.55,0.25,0.06,0,1.4759882469989
48.67,59.54296875,3001.57755574242,14.0889275280762,79,91,53,18,62,0.12,0.02,0.55,0.25,0.06,0,2.52630080900053
41.46,41.380859375,3021.57724258049,19.9996868380737,5,10,48,40,71,0.12,0.02,0.55,0.25,0.06,0,1.75830798999959
52.41,46.4755859375,3021.57724258049,0,53,93,66,27,19,0.12,0.02,0.55,0.25,0.06,1,2.34700116699969
67.17,68.3740234375,3021.57724258049,0,84,80,61,76,49,0.12,0.02,0.55,0.25,0.06,1,2.01996802000212
66.36,81.322265625,3021.57724258049,0,98,96,55,89,3,0.12,0.02,0.55,0.25,0.06,1,1.86613472200042
38.42,37.3828125,3021.57724258049,0,77,44,45,13,5,0.12,0.02,0.55,0.25,0.06,1,2.12658028599981
29.98,43.7705078125,3021.57724258049,0,1,54,18,64,48,0.12,0.02,0.55,0.25,0.06,1,1.41689021899947
78.21,70.3837890625,3021.57724258049,0,55,6,87,72,94,0.12,0.02,0.55,0.25,0.06,1,2.30427638699985
36.35,48.3427734375,3021.57724258049,0,88,28,25,26,83,0.12,0.02,0.55,0.25,0.06,1,2.41845896199811
51.09,60.966796875,3021.57724258049,0,3,72,54,63,64,0.12,0.02,0.55,0.25,0.06,1,1.43250284500027
33.54,46.2802734375,3021.57724258049,0,3,81,10,92,51,0.12,0.02,0.55,0.25,0.06,1,2.31077888800064
50.14,57.7841796875,3021.57724258049,0,65,59,37,65,76,0.12,0.02,0.55,0.25,0.06,1,1.23354117800045
48.46,59.6201171875,3035.34983179855,13.7725892180634,64,2,64,2,84,0.12,0.02,0.55,0.25,0.06,0,2.24321910299841
73.31,72.2099609375,3055.2893275016,19.9394957030487,95,68,90,25,80,0.12,0.02,0.55,0.25,0.06,0,1.74286420499993
62.13,63.5517578125,3075.18825773773,19.8989302361298,10,80,68,69,78,0.12,0.02,0.55,0.25,0.06,0,2.00685351900029
78.81,74.578125,3094.29281943695,19.1045616992187,97,47,83,78,18,0.12,0.02,0.55,0.25,0.06,0,1.42057096999997
81.01,74.0673828125,3111.88282276634,17.5900033293915,35,17,93,78,97,0.12,0.02,0.55,0.25,0.06,0,1.08197674699841
37.27,30.6162109375,3129.66917732193,17.7863545555878,33,5,46,11,86,0.12,0.02,0.55,0.25,0.06,0,1.77302354600033
50.46,40.306640625,3144.51464199203,14.845464670105,5,88,49,75,40,0.12,0.02,0.55,0.25,0.06,0,2.80418916000053
63.69,57.6650390625,3162.69963427711,18.18499228508,62,40,63,82,5,0.12,0.02,0.55,0.25,0.06,0,1.72051964299681
83.55,43.6962890625,3162.69963427711,0,92,47,99,56,52,0.12,0.02,0.55,0.25,0.06,0,2.09754925600282
52.01,57.6650390625,3181.10066093719,18.40102666008,85,57,62,15,47,0.12,0.02,0.55,0.25,0.06,0,1.63492761900125
37.36,18.9169921875,3181.10066093719,0,17,82,55,13,3,0.12,0.02,0.55,0.25,0.06,1,3.81135446600092
17.15,32.7998046875,3181.10066093719,0,1,27,3,50,39,0.12,0.02,0.55,0.25,0.06,1,1.72834915299973
24.59,32.310546875,3181.10066093719,0,6,10,15,48,57,0.12,0.02,0.55,0.25,0.06,1,1.69102782300251
35.67,28.9423828125,3181.10066093719,0,31,92,22,67,21,0.12,0.02,0.55,0.25,0.06,1,1.85498356300013
35.63,29.8876953125,3181.10066093719,0,30,68,41,26,27,0.12,0.02,0.55,0.25,0.06,1,1.68598727599965
14.25,4.9794921875,3181.10066093719,0,18,1,19,6,2,0.12,0.02,0.55,0.25,0.06,1,2.83252151600027
56.7,58.2724609375,3181.10066093719,0,63,56,48,86,2,0.12,0.02,0.55,0.25,0.06,1,1.55733663899809
17.86,21.3828125,3181.10066093719,0,19,55,3,47,18,0.12,0.02,0.55,0.25,0.06,1,2.670670118001
24.52,42.759765625,3181.10066093719,0,48,43,6,44,60,0.12,0.02,0.55,0.25,0.06,1,1.72268626299774
60.39,61.9541015625,3181.10066093719,0,56,84,64,47,84,0.12,0.02,0.55,0.25,0.06,1,2.48513855099736
44.57,52.634765625,3197.84863870789,16.7479777706909,58,40,17,94,66,0.12,0.02,0.55,0.25,0.06,0,2.60457321800277
46.53,79.3564453125,3197.84863870789,0,10,79,25,96,100,0.12,0.02,0.55,0.25,0.06,0,1.82520067799851
42.43,58.6083984375,3204.76160990776,6.91297119987488,57,64,17,96,16,0.12,0.02,0.55,0.25,0.06,0,1.80685828800051
46.46,57.0439453125,3219.16061498886,14.3990050811005,91,1,21,81,62,0.12,0.02,0.55,0.25,0.06,0,1.37973212799989
57.93,76.4775390625,3221.96005472511,2.79943973625184,95,87,63,18,94,0.12,0.02,0.55,0.25,0.06,0,2.06653650800217
37.79,47.1376953125,3237.59108434235,15.6310296172333,79,43,23,46,55,0.12,0.02,0.55,0.25,0.06,0,2.18908314600048
67.37,82.1044921875,3246.73582134117,9.14473699882506,82,98,70,45,97,0.12,0.02,0.55,0.25,0.06,0,2.93934076999722
30.99,26.259765625,3265.61706547905,18.8812441378784,64,70,25,30,11,0.12,0.02,0.55,0.25,0.06,0,1.72890980800003
45.72,40.31640625,3284.1571242083,18.540058729248,43,42,43,47,72,0.12,0.02,0.55,0.25,0.06,0,1.88231119100237
72.04,63.3662109375,3300.39539337326,16.2382691649628,76,22,88,40,68,0.12,0.02,0.55,0.25,0.06,0,2.15645633500026
71.81,56.87109375,3300.39539337326,0,93,21,63,92,43,0.12,0.02,0.55,0.25,0.06,1,3.10305358700134
22.34,22.96875,3300.39539337326,0,50,27,23,9,15,0.12,0.02,0.55,0.25,0.06,1,1.66498526400028
60.89,61.7041015625,3300.39539337326,0,65,64,88,11,11,0.12,0.02,0.55,0.25,0.06,1,1.87752482799988
59.82,56.9462890625,3300.39539337326,0,51,0,58,68,80,0.12,0.02,0.55,0.25,0.06,1,1.7302504160034
46.99,38.0126953125,3300.39539337326,0,31,92,42,69,18,0.12,0.02,0.55,0.25,0.06,1,1.33258903599926
10.27,12.8984375,3300.39539337326,0,19,49,6,11,16,0.12,0.02,0.55,0.25,0.06,1,2.03902145800021
38.52,31.560546875,3300.39539337326,0,18,11,28,64,79,0.12,0.02,0.55,0.25,0.06,1,1.36427922800067
36.33,36.83984375,3300.39539337326,0,55,35,32,39,28,0.12,0.02,0.55,0.25,0.06,1,1.78985696400196
80.38,76.119140625,3300.39539337326,0,83,80,98,40,82,0.12,0.02,0.55,0.25,0.06,1,3.61297849900075
46.72,43.1943359375,3300.39539337326,0,46,90,42,64,5,0.12,0.02,0.55,0.25,0.06,1,2.01040562799972
49.64,40.6103515625,3316.31866582802,15.9232724547577,43,51,38,84,26,0.12,0.02,0.55,0.25,0.06,0,3.37727846600319
67.25,70.927734375,3335.64237932136,19.3237134933472,52,93,70,79,15,0.12,0.02,0.55,0.25,0.06,0,1.92685325799903
57.7,46.193359375,3349.02224039772,13.379861076355,47,29,82,14,48,0.12,0.02,0.55,0.25,0.06,0,1.83162221800012
62,62.9541015625,3368.97672490814,19.9544845104218,66,38,66,46,92,0.12,0.02,0.55,0.25,0.06,0,1.73180713499823
32.08,87.015625,3368.97672490814,0,90,96,23,5,91,0.12,0.02,0.55,0.25,0.06,0,2.24439387299935
53.28,33.13671875,3368.97672490814,0,41,10,60,52,36,0.12,0.02,0.55,0.25,0.06,0,1.5437880770005
41.87,35.7333984375,3387.0938309713,18.1171060631561,5,22,29,82,73,0.12,0.02,0.55,0.25,0.06,0,1.41639937299988
74.49,60.923828125,3397.8917800042,10.7979490328979,38,97,93,64,14,0.12,0.02,0.55,0.25,0.06,0,1.34145100800015
40.89,32.3544921875,3414.24903532333,16.3572553191376,49,19,50,17,48,0.12,0.02,0.55,0.25,0.06,0,2.81436569799916
50.42,62.9228515625,3426.43297046364,12.1839351403046,49,83,66,10,68,0.12,0.02,0.55,0.25,0.06,0,2.16091605300244
